"customernumber,""customername"",""contactlastname"",""contactfirstname"",""phone"",""addressline1"",""addressline2"",""city"",""state"",""postalcode"",""country"",""salesrepemployeenumber"",""creditlimit"""
"103,""Atelier graphique"",""Schmitt"",""Carine "",""40.32.2555"",""54, rue Royale"",NULL,""Nantes"",NULL,""44000"",""France"",""1370"",""21000"""
"112,""Signal Gift Stores"",""King"",""Jean"",""7025551838"",""8489 Strong St."",NULL,""Las Vegas"",""NV"",""83030"",""USA"",""1166"",""71800"""
"114,""Australian Collectors, Co."",""Ferguson"",""Peter"",""03 9520 4555"",""636 St Kilda Road"",""Level 3"",""Melbourne"",""Victoria"",""3004"",""Australia"",""1611"",""117300"""
"119,""La Rochelle Gifts"",""Labrune"",""Janine "",""40.67.8555"",""67, rue des Cinquante Otages"",NULL,""Nantes"",NULL,""44000"",""France"",""1370"",""118200"""
"124,""Mini Gifts Distributors Ltd."",""Nelson"",""Susan"",""4155551450"",""5677 Strong St."",NULL,""San Rafael"",""CA"",""97562"",""USA"",""1165"",""210500"""
